cell,n_is,n_oos,oos_t_vs_zero,oos_p_raw,oos_p_bonf,oos_mean_ci_low,oos_mean_ci_mid,oos_mean_ci_high,welch_t_is_vs_oos,welch_p_is_vs_oos
LONG_long,44,33,1.1303206975847193,0.2667423013200849,1.0,-48.371212121212125,70.75757575757575,204.84848484848484,0.12965565622659783,0.8972231073347887
LONG_short,45,29,1.105085849837239,0.278528134021796,1.0,-96.8103448275862,126.46551724137932,349.0948275862069,0.9391236146607803,0.3512556715303094
SHORT_long,43,48,-1.0439174275833536,0.30186333463667797,1.0,-244.453125,-87.03125,76.38346354166661,1.9893290376141772,0.04980752336999145
SHORT_short,42,48,0.5414895388211434,0.5907279619933593,1.0,-112.55859374999999,43.177083333333336,205.9375,-0.06792628789484642,0.9460006967628072
