n_trades,total_pnl,profit_factor,win_rate,sharpe
247,2046.25,1.0503227789732554,0.4534412955465587,0.3081595508939723
